{"cameraMode":{"drawMode":0,"name":"Shaded","section":"Shading Mode"},"sceneLighting":false,"audioPlay":false,"sceneViewState":{"m_AlwaysRefresh":false,"showFog":false,"showSkybox":false,"showFlares":false,"showImageEffects":false,"showParticleSystems":false,"showVisualEffectGraphs":true,"m_FxEnabled":true},"in2DMode":false,"pivot":{"x":-0.10606127977371216,"y":0.8115310072898865,"z":0.15357327461242677},"rotation":{"x":-0.08836326748132706,"y":0.5195334553718567,"z":-0.05412749946117401,"w":-0.8481463193893433},"size":1.4696006774902344,"orthographic":false}