{"cameraMode":{"drawMode":0,"name":"Shaded","section":"Shading Mode"},"sceneLighting":true,"audioPlay":false,"sceneViewState":{"m_AlwaysRefresh":false,"showFog":true,"showSkybox":true,"showFlares":true,"showImageEffects":true,"showParticleSystems":true,"showVisualEffectGraphs":true,"m_FxEnabled":true},"in2DMode":false,"pivot":{"x":1.4572842121124268,"y":-0.17679476737976075,"z":2.348395347595215},"rotation":{"x":-0.23653045296669007,"y":0.1514207422733307,"z":-0.03734879195690155,"w":-0.9590301513671875},"size":2.6698734760284426,"orthographic":false}